Date,Mood


2025-03-11,Neutral

2025-03-11,Happy
2025-03-12,Happy
2025-03-13,Happy
2025-03-14,Happy
2025-03-15,Happy
2025-03-16,Happy
2025-03-17,Happy
2025-03-18,Happy
2025-03-19,Happy
2025-03-20,Happy
2025-03-21,Sad
2025-03-22,Angry
2025-03-23,Angry
2025-03-24,Angry
2025-03-25,Angry
2025-03-26,Angry
2025-03-27,Angry
2025-03-28,Angry




2025-03-11,Happy
2025-03-11,Happy
2025-03-11,Happy
2025-03-11,Angry
2025-03-11,Angry
2025-03-11,Sad
2025-03-11,Sad
2025-03-11,Sad
2025-03-11,Sad
